Site ID,Nom du Site,Province,District,Actif,Date Mise à Jour
01010103,HOPITAL GENERAL MPANDA,Bubanza,DS Mpanda,,
01010120,CDS Bubanza II,Bubanza,DS Bubanza,,
01010201,Centre de santé Gihanga,Bubanza,DS Mpanda,,
01010202,CDS Umutima - DS mpanda,Bubanza,DS Mpanda,,
01080101,CDS Musigati,Bubanza,DS Bubanza,,
01100101,CDS Ninga,Bubanza,DS Mpanda,,
01100202,CDS Bubanza I,Bubanza,DS Bubanza,,
01100303,CDS Mpanda,Bubanza,DS Mpanda,,
01100404,CDS Gihanga,Bubanza,DS Mpanda,,
01100505,CDS Buramata,Bubanza,DS Mpanda,,
01100606,CDS Muzinda,Bubanza,DS Mpanda,,
01120101,CDS Mukomere,Bubanza,DS Mpanda,,
01120201,CDS Murengeza,Bubanza,DS Mpanda,,
01120301,CDS Ruyange,Bubanza,DS Mpanda,,
01120401,HC de Musigati (ex CDS Musigati),Bubanza,DS Bubanza,,
01120501,CDS Amahoro de Kagwema,Bubanza,DS Mpanda,,
01120601,CDS Ami de Buringa,Bubanza,DS Mpanda,,
01120701,CDS Cona,Bubanza,DS Bubanza,,
01120801,CDS Murira,Bubanza,DS Mpanda,,
01150139,CDS Remesha,Bubanza,DS Mpanda,,
02010101,HOPITAL DE DISTRICT RUSHUBI,Bujumbura,DS Isale,,
02010201,CDS GTUMBA,Bujumbura,DS Isale,,
02020101,SERVICE YEZU MWIZA,Bujumbura mairie,DS Bujumbura centre,,
02020201,HOPITAL DE DISTRICT KABEZI,Bujumbura,DS Kabezi,,
02020509,CDS Maramvya Bujumbura,Bujumbura,DS Isale,,
02030101,HOPITAL D'IJENDA,Bujumbura,DS Rwibaga,,
02030105,CDS RUKARAMU,Bujumbura,DS Isale,,
02030106,CDS MUBIMBI,Bujumbura,DS Kabezi,,
02030120,CDS Mageyo,Bujumbura,DS Isale,,
02030505,CDS Rubirizi,Bujumbura,DS Isale,,
02030606,CDS Mutumba,Bujumbura,DS Kabezi,,
02030607,HOPITAL RWIBAGA,Bujumbura,DS Rwibaga,,
02030608,CDS Rubirizi,Bujumbura,DS Isale,,
02100101,CDS Kabezi,Bujumbura,DS Kabezi,,
02100202,CDS Matara,Bujumbura,DS Rwibaga,,
02100303,CDS Kirekura,Bujumbura,DS Isale,,
02100404,HC Mubimbi,Bujumbura,DS Isale,,
02100505,CDS Ruyaga,Bujumbura,DS Kabezi,,
02100606,HCMH Kajaga,Bujumbura,DS Isale,,
02100607,CDS Nyabibondo,Bujumbura,DS Rwibaga,,
02120101,CDS Kiriri,Bujumbura,DS Kabezi,,
02120201,HC Nyabiraba,Bujumbura,DS Rwibaga,,
02120301,CDS Rushubi,Bujumbura,DS Isale,,
02120401,HC Kanyosha,Bujumbura,DS Kabezi,,
02120501,CDS Mutambu,Bujumbura,DS Kabezi,,
02120601,CDS Kinama,Bujumbura,DS Isale,,
02120701,CDS Kirombwe,Bujumbura,DS Kabezi,,
02120801,CDS Muberure,Bujumbura,DS Isale,,
02120901,CDS Burima,Bujumbura,DS Kabezi,,
02121001,CDS Notre Dame de Lourde,Bujumbura,DS Isale,,
02121101,CDS Sororezo,Bujumbura,DS Kabezi,,
02121201,CDS Kiyenzi,Bujumbura,DS Kabezi,,
03010101,HOPITAL BURURI,Bururi,DS Bururi,,
03010102,FVS BURURI,Bururi,DS Bururi,,
03010401,HOPITAL MATANA,Bururi,DS Matana,,
03010408,RAMA Matana,Bururi,DS Matana,,
03010430,CDS Kayero,Rutana,DS Rutana,,
03010431,CDS Rutana,Rutana,DS Rutana,,
03010432,CDS Mukungu,Makamba,DS Nyanza-Lac,,
03010433,CDS Muramba,Bururi,DS Matana,,
03010434,CDS Muzye,Rutana,DS Gihofi,,
03010435,CDS Muzenga I,Bururi,DS Bururi,,
03010611,CDS Murago,Rumonge,DS Bugarama,,
03010612,CDS Kigwena I,Rumonge,DS Rumonge,,
03010618,CDS MAGARA III,Rumonge,DS Bugarama,,
03010620,CDS Prison Rumonge,Rumonge,DS Rumonge,,
03010621,CDS Muyama - DS Rumonge,Rumonge,DS Rumonge,,
03010622,CDS Gatete - DS Rumonge,Rumonge,DS Rumonge,,
03010623,CDS Minago - DS Rumonge,Rumonge,DS Rumonge,,
03010624,CDS Kagongo - DS Rumonge,Rumonge,DS Rumonge,,
03010811,CDS Birimba,Rumonge,DS Rumonge,,
03010901,CLINIQUE KIGUTU,Bururi,DS Bururi,,
03010912,CLIMIL RUMONGE,Rumonge,DS Rumonge,,
03030101,HOPITAL RUMONGE,Rumonge,DS Rumonge,,
03030115,ANSS Rumonge,Rumonge,DS Rumonge,,
03030607,Cl. St David,Rumonge,DS Rumonge,,
03040701,HOPITAL RUTOVU,Bururi,DS Rutovu,,
03040711,CDS Abubef (Rumonge),Rumonge,DS Rumonge,,
03040720,CDS Kiryama,Bururi,DS Rutovu,,
03120101,CDS Matana,Bururi,DS Matana,,
03120201,CDS Butwe,Bururi,DS Matana,,
03120301,CDS Horezo,Bururi,DS Rutovu,,
03120401,CDS Kiremba,Bururi,DS Bururi,,
04010101,Hopital Cankuzo,Cankuzo,DS Cankuzo,,
04010106,CLIMIL CANKUZO,Cankuzo,DS Cankuzo,,
04020301,HOPITAL MURORE,Cankuzo,DS Murore,,
04020302,CDS Murore(Cankuzo),Cankuzo,DS Murore,,
04020303,CDS  MUYAGA,Cankuzo,DS Cankuzo,,
04080101,CDS Kigarika,Cankuzo,DS Cankuzo,,
04080201,CDS Twinkwavu,Cankuzo,DS Cankuzo,,
04100101,CDS Munzenze,Cankuzo,DS Murore,,
04100202,CDS Gasenyi,Cankuzo,DS Murore,,
04100303,CDS Kigamba,Cankuzo,DS Cankuzo,,
04100404,CDS Ntunda,Cankuzo,DS Murore,,
04100505,CDS Camp Kavumu,Cankuzo,DS Cankuzo,,
04100606,CDS Gishungo,Cankuzo,DS Murore,,
04100707,CDS Rusigabangazi,Cankuzo,DS Murore,,
04100708,CDS Camazi,Cankuzo,DS Murore,,
04100808,CDS CANKUZO,Cankuzo,DS Cankuzo,,
04120101,CDS Shinge,Cankuzo,DS Cankuzo,,
05010103,CDS KABURANTWA,Cibitoke,DS Cibitoke,,
05010105,CDS Ndava -DS Cibitoke,Cibitoke,DS Cibitoke,,
05010106,CDS Buseruko,Cibitoke,DS Mabayi,,
05010108,CLIMIL CIBITOKE,Cibitoke,DS Cibitoke,,
05010120,CDS Twizere - DS Cibitoke,Cibitoke,DS Cibitoke,,
05010121,CDS Butahana - DS Mabayi,Cibitoke,DS Mabayi,,
05010122,CDS Ndava,Cibitoke,DS Cibitoke,,
05010123,CDS SOS Cibitoke -DS Cibitoke,Cibitoke,DS Cibitoke,,
05010501,Hopital Cibitoke,Cibitoke,DS Cibitoke,,
05020101,HOPITAL DE MABAYI,Cibitoke,DS Mabayi,,
05080401,CDS Rutabo,Cibitoke,DS Mabayi,,
05100101,CDS Buhoro,Cibitoke,DS Mabayi,,
05100202,CDS Mugina,Cibitoke,DS Mabayi,,
05100303,CDS Ruhagarika,Cibitoke,DS Cibitoke,,
05100404,CDS Rugombo,Cibitoke,DS Cibitoke,,
05100405,CDS Butara,Cibitoke,DS Bukinanyana,,
05100406,CDS Kabere,Cibitoke,DS Bukinanyana,,
05120201,CDS Rutabo,Cibitoke,DS Mabayi,,
05120301,HC de Murwi (ex CDS Murwi),Cibitoke,DS Bukinanyana,,
05120401,CDS Rubona,Cibitoke,DS Mabayi,,
05120501,CDS  Cibitoke,Cibitoke,DS Cibitoke,,
05120601,Clinique Agape de Rugombo,Cibitoke,DS Cibitoke,,
05120701,CDS Masango,Cibitoke,DS Bukinanyana,,
06010101,HOPITAL REGIONAL DE GITEGA,Gitega,DS Gitega,,
06010102,ANSS GITEGA,Gitega,DS Gitega,,
06010103,CENTRE DE SANTE DE MUSHASHA,Gitega,DS Gitega,,
06010104,SWAA GITEGA,Gitega,DS Gitega,,
06010105,CDS SOS GITEGA,Gitega,DS Gitega,,
06010106,H S T DE GITEGA,Gitega,DS Gitega,,
06010107,CDS ABUBEF Gitega,Gitega,DS Gitega,,
06010120,Climil Gitega,Gitega,DS Gitega,,
06010201,HOPITAL KIBIMBA,Gitega,DS Gitega,,
06020101,HOPITAL DE KIBUYE,Gitega,DS Kibuye,,
06020110,CDS Bugendana,Gitega,DS Mutaho,,
06030105,HOPITAL MUTOYI,Gitega,DS Mutaho,,
06030145,CDS MUTOYI,Gitega,DS Mutaho,,
06030161,CDS Rwisabi,Gitega,DS Mutaho,,
06030201,HOPITAL MUTAHO,Gitega,DS Mutaho,,
06040101,HOPITAL NTITA,Gitega,DS Ryansoro,,
06040301,CDS NYANGWA,Gitega,DS Ryansoro,,
06070101,CDS Buraza,Gitega,DS Kibuye,,
06070102,CDS Nyabiraba,Gitega,DS Ryansoro,,
06070103,CDS Rutegama,Gitega,DS Gitega,,
06080101,CDS Prison Gitega,Gitega,DS Gitega,,
06080201,CDS Notre dame d'Afrique,Gitega,DS Gitega,,
06080301,CDS Makebuko,Gitega,DS Kibuye,,
06080401,CDS Bukirasazi,Gitega,DS Kibuye,,
06080501,CDS Mahonda,Gitega,DS Kibuye,,
06080701,CDS Kirimbi,Gitega,DS Mutaho,,
06080801,CDS Gishubi,Gitega,DS Ryansoro,,
06080901,CDS Gitega,Gitega,DS Gitega,,
06081101,Clinique Murayi,Gitega,DS Gitega,,
06100101,CDS Mugera,Gitega,DS Mutaho,,
06100202,CDS CPSCO,Gitega,DS Gitega,,
06100303,CDS Mugaruro,Gitega,DS Ryansoro,,
06100404,CDS Mubuga,Gitega,DS Gitega,,
06100405,CDS RUSUHUBI,Bujumbura,DS Isale,,
06100505,CDS Giheta,Gitega,DS Gitega,,
06100606,CDS Songa,Gitega,DS Gitega,,
06100707,CDS Maramvya (Gitega),Gitega,DS Kibuye,,
06110101,CDS Bunyuka,Gitega,DS Kibuye,,
06110102,CDS KAROBA,Gitega,DS Kibuye,,
06110103,CDS MUTAHO,Gitega,DS Mutaho,,
06110106,Polyclinique UMUGIRANEZA,Gitega,DS Gitega,,
06110107,CDS Gisikara,Gitega,DS Kibuye,,
06120101,CDS Nyakarambo,Gitega,DS Ryansoro,,
06120201,CDS Muremera,Gitega,DS Gitega,,
06120301,H St Joseph de GIHETA,Gitega,DS Gitega,,
06120401,HC Giheta,Gitega,DS Gitega,,
06120501,CDS Mpunge,Gitega,DS Ryansoro,,
06120601,CDS Nyabitanga,Gitega,DS Ryansoro,,
06120701,CDS Nyarunazi,Gitega,DS Kibuye,,
06120801,CDS Nkanda,Gitega,DS Mutaho,,
06200101,ZONE CENTRE-SUD,Gitega,DS Gitega,,
07010101,HOPITAL DE BUHIGA,Karuzi,DS Buhiga,,
07010102,CDS BUGENYUZI,Karuzi,DS Buhiga,,
07010105,CDS Gitaramuka,Karuzi,DS Buhiga,,
07010106,H Natwe turashoboye,Karuzi,DS Buhiga,,
07070101,CDS Karusi,Karuzi,DS Buhiga,,
07080101,CDS Rusi,Karuzi,DS Nyabikere,,
07080201,CDS Gatonde,Karuzi,DS Nyabikere,,
07100101,CDS Nyabibuye,Karuzi,DS Nyabikere,,
07100202,CDS Gisimbawaga,Karuzi,DS Nyabikere,,
07100303,CDS Buhiga,Karuzi,DS Buhiga,,
07100404,CDS Gihogazi,Karuzi,DS Nyabikere,,
07100505,CDS Nyabikere,Karuzi,DS Nyabikere,,
07100506,Hôpital Communal Gihogazi,Karuzi,DS Nyabikere,,
07120101,CDS Rusamaza,Karuzi,DS Nyabikere,,
07120201,CDS Kiranda,Karuzi,DS Buhiga,,
08010301,HOPITAL KAYANZA ,Kayanza,DS Kayanza,,
08010311,CDS Maramvya,Kayanza,DS Gahombo,,
08020101,HOPITAL MUSEMA,Kayanza,DS Musema,,
08030104,SWAA Kayanza,Kayanza,DS Kayanza,,
08070101,CDS Muhanga1,Kayanza,DS Gahombo,,
08070102,CDS Rubura,Kayanza,DS Kayanza,,
08080101,CDS Rukago,Kayanza,DS Gahombo,,
08080201,CDS Gasenyi II,Kayanza,DS Gahombo,,
08080301,H Gahombo,Kayanza,DS Gahombo,,
08080401,CDS Kabarore,Kayanza,DS Kayanza,,
08080501,CDS Mubuga,Kayanza,DS Kayanza,,
08080601,CDS Ninga,Kayanza,DS Musema,,
08080701,CDS Manga,Kayanza,DS Kayanza,,
08080801,CDS Nyarurama,Kayanza,DS Musema,,
08100202,CDS Ryamukona,Kayanza,DS Kayanza,,
08100303,CDS Karehe,Kayanza,DS Musema,,
08100404,CDS Rugazi,Kayanza,DS Kayanza,,
08100505,CDS Kayanza,Kayanza,DS Kayanza,,
08100606,CDS Banga,Kayanza,DS Musema,,
08100707,CDS Gatara,Kayanza,DS Gahombo,,
08100808,CDS Mubogora,Kayanza,DS Gahombo,,
08100909,CDS Jene,Kayanza,DS Kayanza,,
08101010,CDS Rwegura,Kayanza,DS Kayanza,,
08101111,CDS Matongo,Kayanza,DS Musema,,
08101212,CDS Buraniro,Kayanza,DS Musema,,
08101313,CDS Gasenyi I,Kayanza,DS Musema,,
08101414,CDS Kabuye I,Kayanza,DS Kayanza,,
08110104,CDS RANGO,Kayanza,DS Musema,,
08120101,CDS Busoro,Kayanza,DS Musema,,
08120201,CDS Murima,Kayanza,DS Kayanza,,
08120301,CDS Gikomero,Kayanza,DS Musema,,
08120401,CDS NInga,Kayanza,DS Musema,,
09010101,HOPITAL DE KIRUNDO,Kirundo,DS Kirundo,,
09010102,ANSS KIRUNDO,Kirundo,DS Kirundo,,
09010103,CENTRE DE SANTE IZERE,Kirundo,DS Kirundo,,
09010105,CDS Abubef (Kirundo),Kirundo,DS Kirundo,,
09020304,Hopital Mukenke,Kirundo,DS Mukenke,,
09020306,CDS Kimeza,Kirundo,DS Mukenke,,
09030301,CDS Vyanzo,Kirundo,DS Busoni,,
09030302,CDS Kabanga,Kirundo,DS Busoni,,
09030303,CDS Nyagisozi,Kirundo,DS Busoni,,
09070101,CDS Nyabikenke,Kirundo,DS Vumbi,,
09070102,CDS Gasura,Kirundo,DS Vumbi,,
09070103,CDS Gakana,Kirundo,DS Kirundo,,
09070104,CDS Ntega,Kirundo,DS Vumbi,,
09070105,CDS Muramba (Kirundo),Kirundo,DS Vumbi,,
09070106,CDS Mukenke,Kirundo,DS Mukenke,,
09070107,CDS Bunyari,Kirundo,DS Busoni,,
09070108,CDS Marembo,Kirundo,DS Busoni,,
09070109,CDS Kigozi,Kirundo,DS Kirundo,,
09070110,CDS Rutare,Kirundo,DS Kirundo,,
09070111,CDS Murore (Kirundo),Kirundo,DS Busoni,,
09070112,CDS Vumbi,Kirundo,DS Vumbi,,
09080101,CDS Sigu,Kirundo,DS Busoni,,
09080201,CDS Populaire Gatare,Kirundo,DS Busoni,,
09080301,CDS Bishisha,Kirundo,DS Busoni,,
09080401,CDS Kiyonza,Kirundo,DS Kirundo,,
09080501,CDS Kiri,Kirundo,DS Kirundo,,
09080601,CDS Gaharo,Kirundo,DS Kirundo,,
09080701,CDS Rukuramigabo,Kirundo,DS Kirundo,,
09080801,CDS Kibazi,Kirundo,DS Mukenke,,
09080901,CDS Nyenzi,Kirundo,DS Mukenke,,
09081001,CDS Tonga,Kirundo,DS Mukenke,,
09081101,CDS Mugina,Kirundo,DS Vumbi,,
09081201,CDS Mabuga,Kirundo,DS Mukenke,,
09081301,CDS Runyankezi,Kirundo,DS Vumbi,,
09100101,CDS Bucana,Kirundo,DS Mukenke,,
09100202,CDS Rushubije,Kirundo,DS Vumbi,,
09100303,CDS Gikomero,Kirundo,DS Vumbi,,
09100404,CDS Bugorora,Kirundo,DS Mukenke,,
09100505,CDS Bugwana,Kirundo,DS Mukenke,,
09100707,CDS Mugendo,Kirundo,DS Vumbi,,
09100808,CDS Murungurira,Kirundo,DS Vumbi,,
09100909,CDS Kinyovu,Kirundo,DS Vumbi,,
09101010,CDS Nyakibanda,Kirundo,DS Vumbi,,
09101111,CDS Mukerwa,Kirundo,DS Busoni,,
09101202,CDS RUHEHE,Kirundo,DS Kirundo,,
09101313,CDS Burara,Kirundo,DS Busoni,,
09101414,CDS Muyange,Kirundo,DS Kirundo,,
09120101,CDS Rugasa,Kirundo,DS Kirundo,,
09120201,CDS Nyamisagara,Kirundo,DS Vumbi,,
09120301,CDS Cumva,Kirundo,DS Kirundo,,
09120401,CDS Kabuyenge,Kirundo,DS Mukenke,,
09120501,La Croix du Nord,Kirundo,DS Mukenke,,
09150110,CDS Nyamabuye,Kirundo,DS Kirundo,,
10010401,ANSS MAKAMBA,Makamba,DS Makamba,,
10010402,HOPITAL MAKAMBA,Makamba,DS Makamba,,
10010501,CDS KAYOGORO I,Makamba,DS Makamba,,
10020201,FVS MABANDA,Makamba,DS Nyanza-Lac,,
10020220,CDS Mabanda,Makamba,DS Nyanza-Lac,,
10020501,HOPITAL NYNZA LAC,Makamba,DS Nyanza-Lac,,
10020502,Climil Nyanza-LAc,Makamba,DS Nyanza-Lac,,
10080101,CDS Gatabo,Makamba,DS Makamba,,
10100101,CDS Kazirabageni,Makamba,DS Nyanza-Lac,,
10100202,CDS Mater Makamba,Makamba,DS Makamba,,
10100303,CDS Kabonga,Makamba,DS Nyanza-Lac,,
10100404,CDS Mabanda II,Makamba,DS Nyanza-Lac,,
10100505,CDS Bukeye II,Makamba,DS Nyanza-Lac,,
10100606,CDS Nyabigina,Makamba,DS Nyanza-Lac,,
10100707,CDS Muyange,Makamba,DS Nyanza-Lac,,
10120101,CDS Mvugo,Makamba,DS Nyanza-Lac,,
10120201,CDS Gatabo,Makamba,DS Makamba,,
10120301,Climelac Nyanza_Lac,Makamba,DS Nyanza-Lac,,
10120401,CDS Adventiste,Makamba,DS Nyanza-Lac,,
10120501,CDS Mayange,Makamba,DS Makamba,,
10120601,CDS Vugizo,Makamba,DS Nyanza-Lac,,
10120701,CDS Makamba,Makamba,DS Makamba,,
10120801,CDS Nyange,Makamba,DS Makamba,,
10150155,CDS Musenyi,Makamba,DS Nyanza-Lac,,
11010101,HOPITAL DE MURAMVYA,Muramvya,DS Muramvya,,
11010102,RAMA BUKEYE,Muramvya,DS Muramvya,,
11010104,CDS Bukeye,Muramvya,DS Muramvya,,
11010203,HOPITAL KIGANDA,Muramvya,DS Kiganda,,
11100101,CDS Maternit? Kivoga,Muramvya,DS Kiganda,,
11100202,CDS Ryarusera,Muramvya,DS Muramvya,,
11100303,CDS Munanira,Muramvya,DS Kiganda,,
11120101,CDS Gatabo,Muramvya,DS Kiganda,,
11120201,CDS Kivoga,Muramvya,DS Kiganda,,
12010101,HOPITAL DE MUYINGA,Muyinga,DS Muyinga,,
12010104,SWAA Muyinga,Muyinga,DS Muyinga,,
12010107,CDS Kinyami,Muyinga,DS Giteranyi,,
12010120,Climil Muyinga,Muyinga,DS Muyinga,,
12010146,HOPITAL GASHOHO,Muyinga,DS Gashoho,,
12010401,HOPITAL DE MUYINGA (SAISIES A NGOZI),Muyinga,DS Giteranyi,,
12070101,CDS Ruzo,Muyinga,DS Giteranyi,,
12070102,CDS Muramba (Muyinga),Muyinga,DS Muyinga,,
12070103,CDS Rugari,Muyinga,DS Muyinga,,
12070104,CDS Kamaramagambo,Muyinga,DS Giteranyi,,
12070105,CDS Kinyami,Muyinga,DS Giteranyi,,
12070106,CDS Kagari,Muyinga,DS Gashoho,,
12070107,CDS Gahararo,Muyinga,DS Giteranyi,,
12070108,CDS Gasorwe,Muyinga,DS Gashoho,,
12070109,CDS Gisanze,Muyinga,DS Gashoho,,
12070110,CDS Abubef (Muyinga),Muyinga,DS Muyinga,,
12070111,CDS GITERANYI,Muyinga,DS Giteranyi,,
12080101,CDS Kinazi,Muyinga,DS Muyinga,,
12080401,CDS Mugano,Muyinga,DS Giteranyi,,
12080601,CDS Nyarunazi,Muyinga,DS Muyinga,,
12080701,CDS Tura,Muyinga,DS Giteranyi,,
12100101,CDS Buhorana,Muyinga,DS Giteranyi,,
12100202,CDS Gashoho,Muyinga,DS Gashoho,,
12100303,CDS Murama,Muyinga,DS Muyinga,,
12100404,CDS Rabiro,Muyinga,DS Giteranyi,,
12100505,CDS MPARAMIRUNDI,Ngozi,DS Ngozi,,
12100707,CDS Burasira,Ngozi,DS Ngozi,,
12120101,CDS Camp Congolais,Muyinga,DS Gashoho,,
12120201,CDS Musama,Muyinga,DS Gashoho,,
12120301,CDS Nyungu,Muyinga,DS Gashoho,,
12120401,CDS Kibongera,Muyinga,DS Muyinga,,
12120501,CDS Mwakiro,Muyinga,DS Giteranyi,,
13010301,HOPITAL DE KIBUMBU,Mwaro,DS Kibumbu,,
13010302,CDS CROIX ROUGE MWARO,Mwaro,DS Kibumbu,,
13010303,CDS RUSAKA,Mwaro,DS Fota,,
13010401,CDS Muyebe,Mwaro,DS Kibumbu,,
13020401,HOPITAL FOTA,Mwaro,DS Fota,,
13020402,CDS NYABIHANGA,Mwaro,DS Kibumbu,,
13020411,CDS BISORO,Mwaro,DS Kibumbu,,
13020415,CDS Mutumba (Mwaro),Mwaro,DS Fota,,
13120101,CDS Muyebe,Mwaro,DS Kibumbu,,
13120201,CDS Rwintare,Mwaro,DS Fota,,
13120301,CDS Mbogora,Mwaro,DS Kibumbu,,
13120401,CDS Kibumbu,Mwaro,DS Kibumbu,,
14010101,HOPITAL NGOZI,Ngozi,DS Ngozi,,
14010102,HOPITAL MIVO,Ngozi,DS Ngozi,,
14010105,ABCMAV NGOZI,Ngozi,DS Ngozi,,
14010106,ACVS NGOZI,Ngozi,DS Ngozi,,
14010107,SWA NGOZI,Ngozi,DS Ngozi,,
14010120,Climil Ngozi,Ngozi,DS Ngozi,,
14020101,HOPITAL KIREMBA,Ngozi,DS Kiremba,,
14020104,CDS Musenyi Etat,Ngozi,DS Kiremba,,
14030101,HOPITAL BUYE,Ngozi,DS Buye,,
14070101,CDS Gashikanwa,Mwaro,DS Muyinga,,
14080101,CDS Nyamugari,Ngozi,DS Kiremba,,
14080201,CDS Kananira,Ngozi,DS Kiremba,,
14080301,CDS Camp Musasa,Ngozi,DS Kiremba,,
14080401,H Santa Terezina,Ngozi,DS Ngozi,,
14080501,CDS Mukamarakiza,Ngozi,DS Ngozi,,
14080701,CDS Prison Homme Ngozi,Ngozi,DS Ngozi,,
14080801,CDS Busiga,Ngozi,DS Ngozi,,
14080901,CDS Ruhororo,Ngozi,DS Ngozi,,
14081001,CDS Kiremba,Ngozi,DS Kiremba,,
14081101,CDS Musenyi Agrée,Ngozi,DS Kiremba,,
14100101,CDS Nyamurenza,Ngozi,DS Buye,,
14100202,CDS Rukeco,Ngozi,DS Ngozi,,
14100303,CDS Ngozi,Ngozi,DS Ngozi,,
14100404,CDS Kigufi,Ngozi,DS Kiremba,,
14100606,CDS Musasa,Ngozi,DS Kiremba,,
14110101,CDS BUYE,Ngozi,DS Buye,,
14110102,CDS Buziragahama,Ngozi,DS Buye,,
14110103,CDS Gitare,Ngozi,DS Buye,,
14110104,CDS Rurama,Ngozi,DS Buye,,
14110105,cds kimina,Bujumbura,DS Kabezi,,
14120101,CDS Gika,Ngozi,DS Ngozi,,
14120201,CDS Gakere,Ngozi,DS Kiremba,,
14120301,HC Marangara,Ngozi,DS Kiremba,,
14120401,CDS Gasezerwa,Ngozi,DS Kiremba,,
14120501,CDS Bisiga,Ngozi,DS Kiremba,,
14120601,CNP Ngozi,Ngozi,DS Ngozi,,
14120701,CDS Mubanga II,Ngozi,DS Ngozi,,
14120801,CDS Kigomero,Ngozi,DS Kiremba,,
14120901,H. Musenyi,Ngozi,DS Kiremba,,
14121001,CDS Nyagatovu,Ngozi,DS Kiremba,,
14121101,CDS Sabunda,Ngozi,DS Buye,,
15010101,CENTRE DE SANTE SOS RUTANA,Rutana,DS Rutana,,
15010102,HOPITAL RUTANA,Rutana,DS Rutana,,
15010103,HOPITAL GIHOFI,Rutana,DS Gihofi,,
15010404,HOPITAL MUSONGATI,Rutana,DS Rutana,,
15080101,CDS Ngoma,Rutana,DS Rutana,,
15080301,CDS Mere de la misercorde - DS Rutana,Rutana,DS Rutana,,
15100606,CDS Butare,Rutana,DS Gihofi,,
15100707,CDS Kinzanza,Rutana,DS Gihofi,,
15100802,CDS Ruranga,Rutana,DS Gihofi,,
15100808,CDS Giharo,Rutana,DS Gihofi,,
15100809,CDS Giharo,Rutana,DS Gihofi,,
15120101,CDS Gakungu,Rutana,DS Gihofi,,
15120201,CDS Muhafu,Rutana,DS Gihofi,,
15120301,CDS Bukemba,Rutana,DS Gihofi,,
15120401,CDS Kiguhu,Rutana,DS Rutana,,
16010101,HOPITAL BUTEZI,Ruyigi,DS Butezi,,
16010306,H Gisuru,Ruyigi,DS Gisuru,,
16020101,HOPITAL RUYIGI,Ruyigi,DS Ruyigi,,
16020102,SWAA RUYIGI,Ruyigi,DS Ruyigi,,
16030101,HOPITAL DE KINYINYA,Ruyigi,DS Kinyinya,,
16080101,CDS Mago,Ruyigi,DS Kinyinya,,
16080201,H Rema,Ruyigi,DS Ruyigi,,
16080301,CDS Camp Nyankanda,Ruyigi,DS Butezi,,
16080401,CDS Camp Bwagiriza,Ruyigi,DS Butezi,,
16080501,CDS Nyabitsinda,Ruyigi,DS Kinyinya,,
16100505,CDS Kayongozi,Ruyigi,DS Ruyigi,,
16100606,CDS Kinyinya,Ruyigi,DS Kinyinya,,
16100707,CDS Gisuru,Ruyigi,DS Gisuru,,
16100808,CDS Nyabitare,Ruyigi,DS Gisuru,,
16100909,CDS Muhwazi,Ruyigi,DS Kinyinya,,
16110102,CDS Ruyigi,Ruyigi,DS Ruyigi,,
16120101,CDS Kabuyenge,Ruyigi,DS Gisuru,,
16120201,CDS Kabanga,Ruyigi,DS Kinyinya,,
16120301,CDS Kirambi,Ruyigi,DS Ruyigi,,
16120401,CDS Rusengo,Ruyigi,DS Ruyigi,,
16120501,CDS Musumba,Ruyigi,DS Kinyinya,,
17010101,HPRC,Bujumbura mairie,DS Bujumbura centre,,
17010102,NOUVELLE ESPERANCE,Bujumbura mairie,DS Bujumbura centre,,
17010103,CMC BUYENZI,Bujumbura mairie,DS Bujumbura centre,,
17010109,ACVS/ARM,Bujumbura mairie,DS Bujumbura centre,,
17010126,ABUBEF Buyenzi,Bujumbura mairie,DS Bujumbura centre,,
17010132,ABUBEF JABE,Bujumbura mairie,DS Bujumbura centre,,
17010133,H District Kamenge,Bujumbura mairie,DS Bujumbura nord,,
17010166,CDS CATB,Bujumbura mairie,DS Bujumbura centre,,
17010210,ABCMAV,Bujumbura mairie,DS Bujumbura centre,,
17010230,H Bwiza Javbe,Bujumbura mairie,DS Bujumbura centre,,
17010301,CENTRE DE SANTE SOS,Bujumbura mairie,DS Bujumbura centre,,
17010401,CLIMIL BUJUMBURA,Bujumbura mairie,DS Bujumbura sud,,
17010406,POLYCLINIQUE CENTRALE DE BUJUMBURA,Bujumbura mairie,DS Bujumbura centre,,
17011303,SWAA BUJUMBURA,Bujumbura mairie,DS Bujumbura nord,,
17011305,ADRA BURUNDI,Bujumbura mairie,DS Bujumbura centre,,
17011306,ASSOCIATION RAMA,Bujumbura mairie,DS Bujumbura centre,,
17011307,CLINIQUE PRINCE LOUIS RWAGASORE,Bujumbura mairie,DS Bujumbura centre,,
17011310,CDS St Michel,Bujumbura mairie,DS Bujumbura centre,,
17020102,CDS NTASEKA,Bujumbura mairie,DS Bujumbura nord,,
17020104,MAISON MEDICALE,Bujumbura mairie,DS Bujumbura centre,,
17020130,CDS Police National Bujumbura,Bujumbura mairie,DS Bujumbura nord,,
17020201,CHUK,Bujumbura mairie,DS Bujumbura nord,,
17020202,NE KANYOSHA,Bujumbura mairie,DS Bujumbura sud,,
17020203,HOPITAL MILITAIRE DE KAMENGE,Bujumbura mairie,DS Bujumbura nord,,
17020204,ANSS Bujumbura,Bujumbura mairie,DS Bujumbura nord,,
17020205,CHUK PTME,Bujumbura mairie,DS Bujumbura nord,,
17020206,CNPK,Bujumbura mairie,DS Bujumbura nord,,
17020235,CDS Mirango,Bujumbura mairie,DS Bujumbura nord,,
17020256,CDS Ngagara,Bujumbura mairie,DS Bujumbura nord,,
17020257,CDS Kanyosha,Bujumbura mairie,DS Bujumbura sud,,
17020277,CDS Rukundo,Bujumbura mairie,DS Bujumbura sud,,
17020301,LIFE  CLINIC CIBITOKE,Bujumbura mairie,DS Bujumbura nord,,
17020801,CDS KINAMA,Bujumbura mairie,DS Bujumbura nord,,
17020802,CDS BUTERERE,Bujumbura mairie,DS Bujumbura nord,,
17020808,CDS Mutakura,Bujumbura mairie,DS Bujumbura nord,,
17020820,CMC VAN NORMAN,Bujumbura mairie,DS Bujumbura nord,,
17020821,CDS Misericorde,Bujumbura mairie,DS Bujumbura sud,,
17030401,LIFE CLINIC KINANIRA,Bujumbura mairie,DS Bujumbura sud,,
17030404,APECOS,Bujumbura mairie,DS Bujumbura sud,,
17030406,CDS Musaga,Bujumbura mairie,DS Bujumbura sud,,
17030501,CDS CROIX ROUGE Kinindo,Bujumbura mairie,DS Bujumbura sud,,
17050601,UP & UP HUMURA,Bujumbura mairie,DS Bujumbura centre,,
17070101,CDS Iwacu Center,Bujumbura mairie,DS Bujumbura nord,,
17080101,CDS Hop's God Center,Bujumbura mairie,DS Bujumbura nord,,
17080201,H CMCK,Bujumbura mairie,DS Bujumbura sud,,
17100101,CDS Dieu Merci,Bujumbura mairie,DS Bujumbura sud,,
17100202,CDS Buterere II,Bujumbura mairie,DS Bujumbura nord,,
17100303,CDS OPDE,Bujumbura mairie,DS Bujumbura centre,,
17100404,CDS Gisyo,Bujumbura mairie,DS Bujumbura sud,,
17100505,ASS RNJ+,Bujumbura mairie,DS Bujumbura centre,,
17100606,CDS Brarudi,Bujumbura mairie,DS Bujumbura centre,,
17100707,CDS Kigobe,Bujumbura mairie,DS Bujumbura nord,,
17100808,H?pital Ruziba,Bujumbura mairie,DS Bujumbura sud,,
17120101,CM Sainte Rosselo,Bujumbura mairie,DS Bujumbura sud,,
17120201,H BUMEREC,Bujumbura mairie,DS Bujumbura centre,,
17120301,CDS Busoro,Bujumbura mairie,DS Bujumbura sud,,
17120401,CDS Saint Kizito,Bujumbura mairie,DS Bujumbura nord,,
18100101,CDS Rumonge,Rumonge,DS Rumonge,,
18100202,CDS Magara I,Rumonge,DS Bugarama,,
18100203,CDS Magara II,Rumonge,DS Bugarama,,
18100303,CDS Saint Georges,Rumonge,DS Bugarama,,
18100404,CDS Kizuka,Rumonge,DS Rumonge,,
18120101,CDS Mutambara,Rumonge,DS Rumonge,,
18120201,CDS Cabara,Rumonge,DS Rumonge,,
18120301,CDS Gitaza,Rumonge,DS Bugarama,,
18120401,CDS Buruhukiro,Rumonge,DS Rumonge,,
18120501,CM Bitare,Rumonge,DS Rumonge,,
18120601,CDS Bitare,Rumonge,DS Rumonge,,
18120701,CDS Kagongo II,Rumonge,DS Rumonge,,
,,,,,
,,,,,
,,,,,
,,,,,